{
    "@class": "com.kony.gen.viz.model.component.KVizButton",
    "DNDConfig": null,
    "__parentReadjusting__": false,
    "_height_": {
        "type": "string",
        "value": "35dp"
    },
    "_left_": {
        "type": "string",
        "value": "10dp"
    },
    "_margin_": [
        6,
        6,
        6,
        6
    ],
    "_padding_": [
        0,
        0,
        0,
        0
    ],
    "_skin_": "s0c76a5b183142debb4d5f12b3e57dad",
    "_text_": "",
    "_width_": {
        "type": "string",
        "value": "35dp"
    },
    "canUpdateUI": true,
    "centery": {
        "type": "string",
        "value": "50%"
    },
    "containerweight": 100,
    "contentalignment": 5,
    "displaytext": true,
    "focusskin": "s0c76a5b183142debb4d5f12b3e57dad",
    "id": "btnHome",
    "ide_onClick": "AS_Button_f1f1410203244258a33f3c2e49cd4d11",
    "info": null,
    "isvisible": true,
    "kuid": "b796f422ff9b420b9b2a33b9c6765604",
    "name": "kony.ui.Button",
    "parent": "flxTitle",
    "pf": "frmFavourite",
    "wType": "Button",
    "zindex": 1
}