{
    "__parentReadjusting__": false,
    "_padding_": [
        0,
        0,
        0,
        0
    ],
    "_skin_": "sb387f67257f4e07b92475f3419a4af8",
    "_srcKuid_": "cb055102aeb84509aa1c3eb55a7d52cd",
    "areflexpropsreferenced": false,
    "canUpdateUI": true,
    "channel": "mobile",
    "context": {},
    "dataDiffs": {
        "centerX": "50%",
        "height": {
            "type": "string",
            "value": "50dp"
        },
        "id": "btnNearByRestaurant",
        "left": "0dp",
        "text": "Near by restaurant",
        "top": "0",
        "width": {
            "type": "string",
            "value": "260dp"
        },
        "zIndex": 1
    },
    "id": "btnNearByRestaurant",
    "ide_onClick": "AS_Button_i3c3cf468a22422ebd0d80e36f1d4fc2",
    "instanceOf": "cb055102aeb84509aa1c3eb55a7d52cd",
    "isdatareferenced": false,
    "isvisible": true,
    "kuid": "md5b3bb6f5824edebfae9488d242bfcb",
    "masterInstance": true,
    "name": "kony.ui.Button",
    "parent": "flxMenuRoot",
    "pf": "frmHome",
    "topLevelInstanceKUID": "m6678728a4024faa8384abaa0578f91c",
    "wType": "Button"
}