{
    "__parentReadjusting__": false,
    "_padding_": [
        0,
        0,
        0,
        0
    ],
    "_skin_": "s79243338925493ba0c6ac3512cfd296",
    "_srcKuid_": "c02c7c62784647b49647d7296ffd2b12",
    "areflexpropsreferenced": false,
    "canUpdateUI": true,
    "channel": "mobile",
    "context": {},
    "dataDiffs": {
        "bottom": "0dp",
        "height": {
            "type": "string",
            "value": "50dp"
        },
        "id": "btnSearch",
        "left": "0dp",
        "text": "Search",
        "width": {
            "type": "string",
            "value": "260dp"
        },
        "zIndex": 20
    },
    "id": "btnSearch",
    "ide_onClick": "AS_Button_i431988f31484251a9a9eba0f70a9b8c",
    "instanceOf": "c02c7c62784647b49647d7296ffd2b12",
    "isdatareferenced": false,
    "isvisible": true,
    "kuid": "m868a7d97ec4450d9b6c034b8e67ad1b",
    "masterInstance": true,
    "name": "kony.ui.Button",
    "parent": "flxMenuRoot",
    "pf": "frmHome",
    "topLevelInstanceKUID": "m6678728a4024faa8384abaa0578f91c",
    "wType": "Button"
}