{
    "__parentReadjusting__": false,
    "_padding_": [
        0,
        0,
        0,
        0
    ],
    "_skin_": "s146dcdb44544b488a4f176c05b5e499",
    "_srcKuid_": "db1475a82fb448238d59cf365642360d",
    "areflexpropsreferenced": false,
    "canUpdateUI": true,
    "channel": "mobile",
    "context": {},
    "dataDiffs": {
        "centerX": "50%",
        "height": {
            "type": "string",
            "value": "1dp"
        },
        "id": "CopylblLine0fa063694c34c42",
        "left": "0",
        "text": "",
        "textStyle": {},
        "top": "0",
        "width": {
            "type": "string",
            "value": "80%"
        },
        "zIndex": 1
    },
    "id": "CopylblLine0fa063694c34c42",
    "instanceOf": "db1475a82fb448238d59cf365642360d",
    "isdatareferenced": false,
    "isvisible": true,
    "kuid": "md4c0768741245f18ef8281b2e9d8d43",
    "masterInstance": true,
    "name": "kony.ui.Label",
    "parent": "flxMenuRoot",
    "pf": "frmHome",
    "topLevelInstanceKUID": "m6678728a4024faa8384abaa0578f91c",
    "wType": "Label"
}