{
    "__parentReadjusting__": false,
    "_padding_": [
        0,
        0,
        0,
        0
    ],
    "_skin_": "s79d790d43ce484c9f67a2c764cd18a9",
    "_srcKuid_": "f5576d4cbbfc4b58bad416f1d0f6c133",
    "areflexpropsreferenced": false,
    "canUpdateUI": true,
    "channel": "mobile",
    "children": [
        "imgLogo"
    ],
    "context": {},
    "dataDiffs": {
        "clipBounds": true,
        "enableScrolling": true,
        "height": {
            "type": "string",
            "value": "180dp"
        },
        "id": "flxProfile",
        "layoutType": 2,
        "left": "0dp",
        "snapGridSize": 10,
        "snapToGrid": true,
        "top": "0dp",
        "width": {
            "type": "string",
            "value": "100%"
        },
        "zIndex": 1
    },
    "id": "flxProfile",
    "instanceOf": "f5576d4cbbfc4b58bad416f1d0f6c133",
    "isdatareferenced": false,
    "isvisible": true,
    "kuid": "mcb6125bcb564908ba383bd051b8af88",
    "masterInstance": true,
    "name": "kony.ui.FlexContainer",
    "parent": "flxMenuRoot",
    "pf": "frmHome",
    "topLevelInstanceKUID": "m6678728a4024faa8384abaa0578f91c",
    "wType": "FlexContainer"
}