{
    "__parentReadjusting__": false,
    "_padding_": [
        0,
        0,
        0,
        0
    ],
    "_skin_": "s146dcdb44544b488a4f176c05b5e499",
    "_srcKuid_": "c2d5d74614284e0896aa1e4a3113e0c7",
    "areflexpropsreferenced": false,
    "canUpdateUI": true,
    "channel": "mobile",
    "context": {},
    "dataDiffs": {
        "centerX": "50%",
        "height": {
            "type": "string",
            "value": "1dp"
        },
        "id": "lblLne4",
        "left": "0",
        "text": "",
        "textStyle": {},
        "top": "0",
        "width": {
            "type": "string",
            "value": "80%"
        },
        "zIndex": 1
    },
    "id": "lblLne4",
    "instanceOf": "c2d5d74614284e0896aa1e4a3113e0c7",
    "isdatareferenced": false,
    "isvisible": true,
    "kuid": "ma81f684c10f43c682c9a86a750763bc",
    "masterInstance": true,
    "name": "kony.ui.Label",
    "parent": "flxMenuRoot",
    "pf": "frmHome",
    "topLevelInstanceKUID": "m6678728a4024faa8384abaa0578f91c",
    "wType": "Label"
}