{
    "@class": "com.kony.gen.viz.model.component.KVizButton",
    "DNDConfig": null,
    "__parentReadjusting__": false,
    "_height_": {
        "type": "string",
        "value": "50dp"
    },
    "_margin_": [
        6,
        6,
        6,
        6
    ],
    "_padding_": [
        0,
        0,
        0,
        0
    ],
    "_skin_": "s79243338925493ba0c6ac3512cfd296",
    "_text_": "Sign Out",
    "_top_": {
        "type": "string",
        "value": "0dp"
    },
    "_width_": {
        "type": "string",
        "value": "260dp"
    },
    "canUpdateUI": true,
    "centerx": {
        "type": "string",
        "value": "50%"
    },
    "containerweight": 100,
    "contentalignment": 5,
    "displaytext": true,
    "focusskin": "s239b2ba0d9746ef82e38a062dc9773d",
    "id": "btnSignOut",
    "ide_onClick": "AS_Button_ab26757515d34db2a60f5ef2ffe46323",
    "info": null,
    "isvisible": true,
    "kuid": "g35f28e29a3944aea4e799e604f21bde",
    "name": "kony.ui.Button",
    "parent": "flxMenuRoot",
    "pf": "frmHome",
    "wType": "Button",
    "zindex": 1
}