{
    "@class": "com.kony.gen.viz.model.container.KVizSegment2",
    "DNDConfig": null,
    "__parentReadjusting__": false,
    "_data_": [
        {
            "imgResIcon": {
                "@class": "com.viz.ide.model.segment.ImageSegmentData",
                "src": "imagedrag.png"
            },
            "lblCuisines": {
                "@class": "com.viz.ide.model.segment.SimpleTextSegmentData",
                "text": "Cuisines"
            },
            "lblLine": {
                "@class": "com.viz.ide.model.segment.SimpleTextSegmentData",
                "text": "Label"
            },
            "lblRating": {
                "@class": "com.viz.ide.model.segment.SimpleTextSegmentData",
                "text": "Rating"
            },
            "lblResName": {
                "@class": "com.viz.ide.model.segment.SimpleTextSegmentData",
                "text": "Restaurant name"
            }
        },
        {
            "imgResIcon": {
                "@class": "com.viz.ide.model.segment.ImageSegmentData",
                "src": "imagedrag.png"
            },
            "lblCuisines": {
                "@class": "com.viz.ide.model.segment.SimpleTextSegmentData",
                "text": "Cuisines"
            },
            "lblLine": {
                "@class": "com.viz.ide.model.segment.SimpleTextSegmentData",
                "text": "Label"
            },
            "lblRating": {
                "@class": "com.viz.ide.model.segment.SimpleTextSegmentData",
                "text": "Rating"
            },
            "lblResName": {
                "@class": "com.viz.ide.model.segment.SimpleTextSegmentData",
                "text": "Restaurant name"
            }
        },
        {
            "imgResIcon": {
                "@class": "com.viz.ide.model.segment.ImageSegmentData",
                "src": "imagedrag.png"
            },
            "lblCuisines": {
                "@class": "com.viz.ide.model.segment.SimpleTextSegmentData",
                "text": "Cuisines"
            },
            "lblLine": {
                "@class": "com.viz.ide.model.segment.SimpleTextSegmentData",
                "text": "Label"
            },
            "lblRating": {
                "@class": "com.viz.ide.model.segment.SimpleTextSegmentData",
                "text": "Rating"
            },
            "lblResName": {
                "@class": "com.viz.ide.model.segment.SimpleTextSegmentData",
                "text": "Restaurant name"
            }
        }
    ],
    "_height_": {
        "type": "string",
        "value": "100%"
    },
    "_indicator_": "none",
    "_left_": {
        "type": "string",
        "value": "0dp"
    },
    "_margin_": [
        0,
        0,
        0,
        0
    ],
    "_orientation_": 2,
    "_padding_": [
        0,
        0,
        0,
        0
    ],
    "_top_": {
        "type": "string",
        "value": "0dp"
    },
    "_width_": {
        "type": "string",
        "value": "100%"
    },
    "autogrowmode": 0,
    "canUpdateUI": true,
    "containerweight": 100,
    "counter": "02",
    "focusedindex": null,
    "focuseditem": null,
    "generatedtemplate": "9f411a149f98488aa4db376326e77df6",
    "groupcells": false,
    "hasSections": false,
    "id": "segRestaurant",
    "ide_onRowClick": "AS_Segment_5df59f9c2d334da3a72011f5ffb8520b",
    "info": null,
    "ipad": {
        "psp": {
            "indicator": "rowselect"
        }
    },
    "iphone": {
        "psp": {
            "indicator": "rowselect"
        }
    },
    "isvisible": true,
    "kuid": "d0fd1c080c8847d59e7e8676bcd6f82b",
    "masterdata": {},
    "name": "kony.ui.SegmentedUI2",
    "needpageindicator": true,
    "pageoffdotimage": "pageoffdot.png",
    "pageondotimage": "pageondot.png",
    "paginationconfig": {
        "position": "bottom"
    },
    "parent": "flxRootContainer",
    "pf": "frmHome",
    "retainselection": false,
    "rowTemplateId": "9cb3d66cc55843129e2566be4a93b6fc",
    "rowcounter": 2,
    "rowfocusskin": "sf2e07b412be4c98b3ffb36d36a509c0",
    "rowskin": "sf2e07b412be4c98b3ffb36d36a509c0",
    "rowtemplate": "flxRootContainer",
    "screenlevelwidget": false,
    "seccounter": 0,
    "sectionheaderskin": "sa7fbce66693498194d459ebe0548899",
    "selectedRows": null,
    "selectedState": false,
    "selectedindex": null,
    "selectedindices": null,
    "selecteditems": null,
    "selectedsectionindex": 0,
    "selectionbehavior": "default",
    "separatorrequired": false,
    "showscrollbars": false,
    "viewtype": "tableview",
    "wType": "Segment",
    "widgetalignment": 5,
    "widgetdatamap": {
        "flxRestaurantInfo": "flxRestaurantInfo",
        "flxRootContainer": "flxRootContainer",
        "flxTitle": "flxTitle",
        "imgResIcon": "imgResIcon",
        "lblCuisines": "lblCuisines",
        "lblLine": "lblLine",
        "lblRating": "lblRating",
        "lblResName": "lblResName"
    },
    "zindex": 1
}