{
    "@class": "com.kony.gen.viz.model.component.KVizBrowser",
    "DNDConfig": null,
    "__parentReadjusting__": false,
    "_height_": {
        "type": "string",
        "value": "100%"
    },
    "_margin_": [
        0,
        0,
        0,
        0
    ],
    "_padding_": [
        0,
        0,
        0,
        0
    ],
    "_type_": 3,
    "_width_": {
        "type": "string",
        "value": "100%"
    },
    "canUpdateUI": true,
    "centerx": {
        "type": "string",
        "value": "50%"
    },
    "containerweight": 69,
    "detecttelnumber": true,
    "htmlstring": "Browser",
    "id": "browser",
    "info": null,
    "isvisible": true,
    "kuid": "d486237856c148639c9dab75c291acfe",
    "margininpixel": false,
    "method": "get",
    "name": "kony.ui.Browser",
    "paddinginpixel": false,
    "parent": "flxRoot",
    "pf": "frmRestaurantMenu",
    "requesturlconfig": {
        "URL": "",
        "requestMethod": "get"
    },
    "screenlevelwidget": false,
    "url": "",
    "wType": "Browser",
    "zindex": 1
}