{
    "@class": "com.kony.gen.viz.model.component.KVizButton",
    "DNDConfig": null,
    "__parentReadjusting__": false,
    "_height_": {
        "type": "string",
        "value": "50dp"
    },
    "_margin_": [
        6,
        6,
        6,
        6
    ],
    "_padding_": [
        0,
        0,
        0,
        0
    ],
    "_right_": {
        "type": "string",
        "value": "2%"
    },
    "_skin_": "s950bd62b69c48c182970d15cb897799",
    "_text_": "update",
    "_top_": {
        "type": "string",
        "value": "50dp"
    },
    "_width_": {
        "type": "string",
        "value": "256dp"
    },
    "canUpdateUI": true,
    "centerx": {
        "type": "string",
        "value": "50%"
    },
    "containerweight": 100,
    "contentalignment": 5,
    "displaytext": true,
    "focusskin": "s239b2ba0d9746ef82e38a062dc9773d",
    "id": "btnEdit",
    "info": null,
    "isvisible": false,
    "kuid": "b2d42c88e8804dfa9f55fcbdc140d50e",
    "name": "kony.ui.Button",
    "parent": "flxRootContainer",
    "pf": "frmEditProfile",
    "wType": "Button",
    "zindex": 1
}