{
    "@class": "com.kony.gen.viz.model.component.KVizButton",
    "DNDConfig": null,
    "__parentReadjusting__": false,
    "_height_": {
        "type": "string",
        "value": "45dp"
    },
    "_margin_": [
        6,
        6,
        6,
        6
    ],
    "_padding_": [
        0,
        0,
        0,
        0
    ],
    "_right_": {
        "type": "string",
        "value": "10dp"
    },
    "_skin_": "sd036be26cda4988a64585ad592a7ba9",
    "_text_": "",
    "_width_": {
        "type": "string",
        "value": "45dp"
    },
    "canUpdateUI": true,
    "centery": {
        "type": "string",
        "value": "50%"
    },
    "containerweight": 100,
    "contentalignment": 5,
    "displaytext": true,
    "focusskin": "sd036be26cda4988a64585ad592a7ba9",
    "id": "btnSave",
    "ide_onClick": "AS_Button_ca5df96be4ce4ca0a45a350f09e789d3",
    "info": null,
    "isvisible": true,
    "kuid": "a744f41dc63a435dae8d86727b7b08a9",
    "name": "kony.ui.Button",
    "parent": "flxTitle",
    "pf": "frmEditProfile",
    "wType": "Button",
    "zindex": 1
}