{
    "@class": "com.kony.gen.viz.model.component.KVizLabel",
    "DNDConfig": null,
    "__parentReadjusting__": false,
    "_height_": {
        "type": "string",
        "value": "1dp"
    },
    "_left_": {
        "type": "string",
        "value": "5dp"
    },
    "_margin_": [
        1,
        1,
        1,
        1
    ],
    "_padding_": [
        0,
        0,
        0,
        0
    ],
    "_render_": true,
    "_skin_": "s803b32bc633491196d7342553172ba2",
    "_text_": "",
    "_width_": {
        "type": "string",
        "value": "95%"
    },
    "_wrapping_": 2,
    "android": {
        "render": false,
        "textStyle": {
            "letterSpacing": 0,
            "strikeThrough": false
        }
    },
    "canUpdateUI": true,
    "containerweight": 100,
    "contentalignment": 4,
    "id": "CopylblColon0dd9f6a17eec941",
    "info": null,
    "ipad": {
        "psp": {
            "wrapping": 2
        }
    },
    "iphone": {
        "psp": {
            "wrapping": 2
        },
        "render": false
    },
    "isvisible": false,
    "kuid": "e2beb5d0e90a4f61a904548e146cd4a0",
    "name": "kony.ui.Label",
    "parent": "flxMob",
    "pf": "frmEditProfile",
    "spaan": {
        "render": false
    },
    "spabb": {
        "render": false
    },
    "spaip": {
        "render": false
    },
    "spawinphone8": {
        "render": false
    },
    "tooltip": "",
    "wType": "Label",
    "winphone8": {
        "render": false
    },
    "zindex": 1
}