{
    "@class": "com.kony.gen.viz.model.component.KVizTextBox2",
    "DNDConfig": null,
    "__parentReadjusting__": false,
    "_height_": {
        "type": "string",
        "value": "40dp"
    },
    "_left_": {
        "type": "string",
        "value": "0dp"
    },
    "_margin_": [
        0,
        0,
        0,
        0
    ],
    "_padding_": [
        3,
        0,
        0,
        0
    ],
    "_placeholder_": "",
    "_skin_": "s21910550b8047acbf0840d2dc7ed797",
    "_text_": "email",
    "_top_": {
        "type": "string",
        "value": "0dp"
    },
    "_width_": {
        "type": "string",
        "value": "100%"
    },
    "autocapitalize": "none",
    "autocomplete": false,
    "autocorrect": false,
    "autofilter": false,
    "canUpdateUI": true,
    "containerheight": "",
    "containerheightmode": 1,
    "containerweight": 100,
    "contentalignment": 4,
    "focusskin": "saf5bf7f94c84b82b57796bdf2576ba3",
    "id": "txtBoxEmail",
    "info": null,
    "isvisible": true,
    "keyboardtype": "A",
    "kuid": "bea4ae4db9944c408891d2661e9e80da",
    "mode": "A",
    "name": "kony.ui.TextBox2",
    "parent": "flxEmail",
    "pf": "frmEditProfile",
    "securetextentry": false,
    "textinputmode": "A",
    "viewtype": "default",
    "wType": "TextField",
    "zindex": 1
}