{"Restauants":{"getRestaurants":{"servicename":"Restauants","serviceid":"e210a804-2eb2-4903-9967-b0a2387592db","type":"integration","operationname":"getRestaurants","operationid":"1367377"},"getCuisines":{"servicename":"Restauants","serviceid":"e210a804-2eb2-4903-9967-b0a2387592db","type":"integration","operationname":"getCuisines","operationid":"1367378"},"getCity":{"servicename":"Restauants","serviceid":"e210a804-2eb2-4903-9967-b0a2387592db","type":"integration","operationname":"getCity","operationid":"1367379"},"restaurantDetails":{"servicename":"Restauants","serviceid":"e210a804-2eb2-4903-9967-b0a2387592db","type":"integration","operationname":"restaurantDetails","operationid":"1367380"},"nearByRestaurants":{"servicename":"Restauants","serviceid":"e210a804-2eb2-4903-9967-b0a2387592db","type":"integration","operationname":"nearByRestaurants","operationid":"1367381"},"dailyMenu":{"servicename":"Restauants","serviceid":"e210a804-2eb2-4903-9967-b0a2387592db","type":"integration","operationname":"dailyMenu","operationid":"1367382"}}}