{
    "mwaddrkey": "",
    "wap_android360_fontsize": "12",
    "isA11yConfigEnabled": false,
    "watchos_notificationcentericon_42": "",
    "wap_android440_fontsize": "12",
    "apppackagekey": "",
    "nativeContainerProperties": {
        "isModified": false,
        "isEnableJSContainer": false,
        "isEnableJSContainerAndroid": false,
        "isEnableJSContaineriOS": false
    },
    "wap_android400_fontsize": "12",
    "wap_spaandroidtabhdpi_fontsize": "12",
    "cordovaVersionInfo": {
        "useGlobalCordova": false
    },
    "appversionkey": "1.0.0",
    "watchos_longlooknotificationicon_38": "",
    "project.type": "js",
    "startupformkey": "frmLogin",
    "wap_bb480_fontsize": "12",
    "wap_winphone480_fontsize": "12",
    "wap_android640_fontsize": "12",
    "vendornamekey": "KonyLabs",
    "wap_android320_fontsize": "12",
    "createdgaversion": "7.2.0",
    "watchos_notificationcentericon_38": "",
    "isMVC": true,
    "enableactionbar": false,
    "watchos_shortlooknotificationicon_42": "",
    "wap_android480_fontsize": "12",
    "wap_winphone320_fontsize": "12",
    "watchos_longlooknotificationicon_42": "",
    "appmenu": {
        "tablet": {
            "data": [
                {
                    "windows8": {
                        "appBarButtonStyle": "No Style",
                        "position": "BOTTOM_LEFT"
                    },
                    "android": {
                        "showAsFlag": 0
                    },
                    "kuid": "dbc73f9482d44e2495b16a8f52068f31",
                    "icon": {
                        "default": "option1.png"
                    },
                    "id": "appmenuitemid1",
                    "title": "Item 1"
                },
                {
                    "windows8": {
                        "appBarButtonStyle": "No Style",
                        "position": "BOTTOM_LEFT"
                    },
                    "android": {
                        "showAsFlag": 0
                    },
                    "kuid": "869c6b5565b34ca9b9cdc054cc4d4f7a",
                    "icon": {
                        "default": "option2.png"
                    },
                    "id": "appmenuitemid2",
                    "title": "Item 2"
                },
                {
                    "windows8": {
                        "appBarButtonStyle": "No Style",
                        "position": "BOTTOM_LEFT"
                    },
                    "android": {
                        "showAsFlag": 0
                    },
                    "kuid": "930fb58327394922ae16638af02b8bf7",
                    "icon": {
                        "default": "option3.png"
                    },
                    "id": "appmenuitemid3",
                    "title": "Item 3"
                },
                {
                    "windows8": {
                        "appBarButtonStyle": "No Style",
                        "position": "BOTTOM_LEFT"
                    },
                    "android": {
                        "showAsFlag": 0
                    },
                    "kuid": "749cbc2cd9724e58b111458e5fb0cfaf",
                    "icon": {
                        "default": "option4.png"
                    },
                    "id": "appmenuitemid4",
                    "title": "Item 4"
                }
            ]
        },
        "desktop": {
            "data": [
                {
                    "kuid": "1a038e3687034c59948876779e5a26d9",
                    "icon": {
                        "default": "option1.png"
                    },
                    "id": "appmenuitemid1",
                    "title": "Item 1"
                },
                {
                    "kuid": "dd58e6bc88f445eaada27ef22c0a7764",
                    "icon": {
                        "default": "option2.png"
                    },
                    "id": "appmenuitemid2",
                    "title": "Item 2"
                },
                {
                    "kuid": "b8af59f086484722af638f5258e439a8",
                    "icon": {
                        "default": "option3.png"
                    },
                    "id": "appmenuitemid3",
                    "title": "Item 3"
                },
                {
                    "kuid": "3f3d075909334c109a090ffeb36c2f2e",
                    "icon": {
                        "default": "option4.png"
                    },
                    "id": "appmenuitemid4",
                    "title": "Item 4"
                }
            ]
        },
        "focusskin": null,
        "osVersion": "iOS7",
        "wType": "Appmenu",
        "focusSkin": null,
        "mobile": {
            "data": [
                {
                    "android": {
                        "showAsFlag": 0
                    },
                    "kuid": "2243acfd57794c1b8072a2d37ab1b3fc",
                    "icon": {
                        "default": "option1.png"
                    },
                    "id": "appmenuitemid1",
                    "title": "Item 1"
                },
                {
                    "android": {
                        "showAsFlag": 0
                    },
                    "kuid": "bea563560b57416aa14821b295ac82fa",
                    "icon": {
                        "default": "option2.png"
                    },
                    "id": "appmenuitemid2",
                    "title": "Item 2"
                },
                {
                    "android": {
                        "showAsFlag": 0
                    },
                    "kuid": "28bf5b88bbe14a78b12b491e4e0a36eb",
                    "icon": {
                        "default": "option3.png"
                    },
                    "id": "appmenuitemid3",
                    "title": "Item 3"
                },
                {
                    "android": {
                        "showAsFlag": 0
                    },
                    "kuid": "0633b6564cf84005a15e2bef7ca96760",
                    "icon": {
                        "default": "option4.png"
                    },
                    "id": "appmenuitemid4",
                    "title": "Item 4"
                }
            ]
        },
        "skin": null,
        "osPlatform": ""
    },
    "wap_spaipad_fontsize": "12",
    "mwportkey": "",
    "mwhttpsportkey": "",
    "wap_bb440_fontsize": "12",
    "wap_bb400_fontsize": "12",
    "appidkey": "Foodie",
    "statusBarHidden": "false",
    "wap_bb360_fontsize": "12",
    "isNewAppWithRespectToAndroidPackageName": "",
    "wap_spawindowstab_fontsize": "12",
    "defaulttheme": "defaultTheme",
    "watchos_shortlooknotificationicon_38": "",
    "appaddrkey": "",
    "appnamekey": "Foodie",
    "currentgaversion": "7.3.0",
    "enableCordova": false,
    "wap_bb320_fontsize": "12",
    "enableIdForAutomation": false,
    "wap_bb240_fontsize": "12",
    "desktopwebbasefontsize": "12",
    "mfappguid": {
        "e02af700-f02c-4f15-b671-78756a18f3c6": "df8ef1f2-8721-4a7a-a6af-e76bd02ae2c6",
        "047da162-d5b8-4088-af89-0f280b71528e": "93a67b61-611c-46ff-95e7-a50d37ac8060",
        "19edfd1b-b768-4eef-bf91-3cea97a4e6bc": "ec54413c-f3fa-4164-ae23-cb9dec7173ef",
        "835ccb99-10d9-49bd-b22c-665affc20a25": "1b8c6390-69f0-4df8-985b-b037aa1825b2",
        "568581eb-ce22-415b-86c1-0de53972733a": "19a26a5d-be4c-40b1-9e55-73874137bc4e",
        "f5c80fc7-794b-4677-b8ac-bb337c20f1d8": "5e64eb17-31c7-4ae5-9193-29e1172092b2"
    },
    "wap_android240_fontsize": "12",
    "wap_spaandroidtabldpi_fontsize": "12",
    "wap_spaandroidtabmdpi_fontsize": "12",
    "konyVizVersion": "7.3.0",
    "isDpScaleFactor": true,
    "wap_spaandroidtab_fontsize": "12",
    "referenceWidth": "375",
    "winmobileguidkey": "",
    "APPLICATION_THEME": "default",
    "ide_appEvents": {
        "mobile": {
            "postappinit": "AS_AppEvents_j3fdee38f72542aaaf876abfc82dc2e8"
        }
    },
    "build": "debug",
    "project_version": "sprint26",
    "wap_ip_fontsize": "12",
    "category": "app",
    "createdVizVersion": "7.2.0.2"
}