{
    "@class": "com.kony.gen.viz.model.component.KVizImage2",
    "DNDConfig": null,
    "__parentReadjusting__": false,
    "_base64_": null,
    "_height_": {
        "type": "ref",
        "value": "preferred"
    },
    "_margin_": [
        0,
        0,
        0,
        0
    ],
    "_padding_": [
        0,
        0,
        0,
        0
    ],
    "_skin_": "s37b42781fc04cacb7cbbed708eeefad",
    "_src_": "logo.png",
    "_top_": {
        "type": "string",
        "value": "70dp"
    },
    "_width_": {
        "type": "ref",
        "value": "preferred"
    },
    "canUpdateUI": true,
    "centerx": {
        "type": "string",
        "value": "50%"
    },
    "containerweight": 100,
    "context": {
        "channel": "mobile",
        "formID": "frmLogin",
        "platform": "android",
        "templateType": "forms",
        "topLevelBox": null
    },
    "id": "imgLogo",
    "imagescalemode": 1,
    "info": null,
    "invokedProperty": "src",
    "isvisible": true,
    "kuid": "58bf9cbdc8324e3a95d7be1be207392a",
    "name": "kony.ui.Image2",
    "parent": "flxRoot",
    "pf": "frmLogin",
    "srcType": 1,
    "wType": "Image",
    "widgetalignment": 5,
    "zindex": 10
}