{
  "operationConfig" : {
    "name" : "nearByRestaurants3932",
    "type" : "MappedToBackend",
    "cachable" : false,
    "smsEnabled" : false,
    "security" : "public",
    "responseEncoding" : "UTF-8",
    "httpMethod" : "GET",
    "decodeResponseBody" : false,
    "odata" : [ {
      "id" : "$filter",
      "dataType" : "string",
      "encode" : true,
      "accessType" : "readonly"
    }, {
      "id" : "$top",
      "dataType" : "string",
      "encode" : true,
      "accessType" : "readonly"
    }, {
      "id" : "$skip",
      "dataType" : "string",
      "encode" : true,
      "accessType" : "readonly"
    }, {
      "id" : "$orderby",
      "dataType" : "string",
      "encode" : true,
      "accessType" : "readonly"
    }, {
      "id" : "$select",
      "dataType" : "string",
      "encode" : true,
      "accessType" : "readonly"
    }, {
      "id" : "$expand",
      "dataType" : "string",
      "encode" : true,
      "accessType" : "readonly"
    }, {
      "id" : "$batchsize",
      "dataType" : "string",
      "encode" : true,
      "accessType" : "readonly"
    }, {
      "id" : "$batchid",
      "dataType" : "string",
      "encode" : true,
      "accessType" : "readonly"
    } ],
    "iMapping" : "<?xml version=\"1.0\" encoding=\"UTF-8\" standalone=\"yes\"?><mapper xmlns=\"http://www.kony.com/ns/mapper\">        <map inputpath=\"request_in\" outputpath=\"request_out\">                <set-param inputpath=\"latitude\" outputpath=\"latitude\"/>                <set-param inputpath=\"longitude\" outputpath=\"longitude\"/>        </map></mapper>",
    "oMapping" : "<?xml version=\"1.0\" encoding=\"UTF-8\" standalone=\"yes\"?><mapper xmlns=\"http://www.kony.com/ns/mapper\">                                                                        <map inputpath=\"response_in\" outputpath=\"response_out\">                                                                                                                                          <map inputpath=\"restaurant\" outputpath=\"NearByRestaurant\">                                                                                                                                                                        <set-param inputpath=\"name\" outputpath=\"name\"/>                                                                                                                                                <set-param inputpath=\"id\" outputpath=\"id\"/>                                                                                                                                              <set-param inputpath=\"cuisines\" outputpath=\"cuisines\"/>                                                                                                                                              <set-param inputpath=\"url\" outputpath=\"url\"/>                                                                                                                                              <set-param inputpath=\"average_cost_for_two\" outputpath=\"average_cost_for_two\"/>                                                                                                                                              <set-param inputpath=\"thumb\" outputpath=\"thumb\"/>                                                                                                                                              <set-param inputpath=\"featured_image\" outputpath=\"featured_image\"/>                                                                                                                                              <set-param inputpath=\"currency\" outputpath=\"currency\"/>                                                                                                                                            <map inputpath=\"location\" outputpath=\"locationObj\">                                                                                                                                                                      <set-param inputpath=\"address\" outputpath=\"address111\"/>                                                                                                                                                                                  <set-param inputpath=\"locality\" outputpath=\"locality\"/>                                                                                                                                                                                      <set-param inputpath=\"city\" outputpath=\"city\"/>                                                                                                                                                                                      <set-param inputpath=\"city_id\" outputpath=\"city_id\"/>                                                                                                                                                                                      <set-param inputpath=\"latitude\" outputpath=\"latitude\"/>                                                                                                                                                                                      <set-param inputpath=\"longitude\" outputpath=\"longitude\"/>                                                                                                                                                                                      <set-param inputpath=\"zipcode\" outputpath=\"zipcode\"/>                                                                                                                                                                                      <set-param inputpath=\"country_id\" outputpath=\"country_id\"/>                                                                                                                                              </map>                                                                                                                              <set-param inputpath=\"price_range\" outputpath=\"price_range\"/>                                                                                                                                    <set-param inputpath=\"offers\" outputpath=\"offers\"/>                                                                                                                                    <map inputpath=\"user_rating\" outputpath=\"user_rating\">                                                  <set-param inputpath=\"../id\" outputpath=\"sreeni_id\"/>                                                                                                                                                                            <set-param inputpath=\"/restaurant/id\" outputpath=\"restaurant_id\"/>                                                                                                                                                                            <set-param inputpath=\"aggregate_rating\" outputpath=\"aggregate_rating\"/>                                                                                                                                                                            <set-param inputpath=\"rating_text\" outputpath=\"rating_text\"/>                                                                                                                                                                            <set-param inputpath=\"votes\" outputpath=\"votes\"/>                                                                                                                               </map>                                                                                                                              <set-param inputpath=\"photos_url\" outputpath=\"photos_url\"/>                                                                                                                                    <set-param inputpath=\"menu_url\" outputpath=\"menu_url\"/>                                                                                                                                    <set-param inputpath=\"has_online_delivery\" outputpath=\"has_online_delivery\"/>                                                                                                                                    <set-param inputpath=\"events_url\" outputpath=\"events_url\"/>                                                                                                                                    <set-param inputpath=\"order_url\" outputpath=\"order_url\"/>                                                                                        </map>                                                        </map>    </mapper>",
    "applyCommonMapping" : false,
    "backendMeta" : {
      "operationName" : "nearByRestaurants",
      "serviceVersion" : "1.0",
      "serviceName" : "Restauants"
    },
    "relationshipHierarchyMapping" : {
      "selected" : true,
      "name" : "NearByRestaurant",
      "children" : [ ]
    }
  }
}