{
    "@class": "com.kony.gen.viz.model.component.KVizButton",
    "DNDConfig": null,
    "__parentReadjusting__": false,
    "_height_": {
        "type": "string",
        "value": "50dp"
    },
    "_left_": {
        "type": "string",
        "value": "0dp"
    },
    "_margin_": [
        6,
        6,
        6,
        6
    ],
    "_padding_": [
        0,
        0,
        0,
        0
    ],
    "_skin_": "sb387f67257f4e07b92475f3419a4af8",
    "_text_": "Near by restaurant",
    "_top_": {
        "type": "string",
        "value": "0"
    },
    "_width_": {
        "type": "string",
        "value": "260dp"
    },
    "canUpdateUI": true,
    "centerx": {
        "type": "string",
        "value": "50%"
    },
    "childInstances": [
        "md5b3bb6f5824edebfae9488d242bfcb"
    ],
    "containerweight": 100,
    "contentalignment": 5,
    "displaytext": true,
    "focusskin": "s31d167e2ac44da0a8b0437a46d5de19",
    "id": "btnNearByRestaurant",
    "info": null,
    "isvisible": true,
    "kuid": "cb055102aeb84509aa1c3eb55a7d52cd",
    "name": "kony.ui.Button",
    "parent": "flxMenuRoot",
    "pf": "MasterMenuContainer",
    "wType": "Button",
    "zindex": 1
}