{
    "@class": "com.kony.gen.viz.model.component.KVizButton",
    "DNDConfig": null,
    "__parentReadjusting__": false,
    "_height_": {
        "type": "string",
        "value": "50dp"
    },
    "_margin_": [
        6,
        6,
        6,
        6
    ],
    "_padding_": [
        0,
        0,
        0,
        0
    ],
    "_skin_": "s79243338925493ba0c6ac3512cfd296",
    "_text_": "Sign Out",
    "_top_": {
        "type": "string",
        "value": "0dp"
    },
    "_width_": {
        "type": "string",
        "value": "260dp"
    },
    "canUpdateUI": true,
    "centerx": {
        "type": "string",
        "value": "50%"
    },
    "childInstances": [
        "mf6118b269f244109d547c696a900cd8"
    ],
    "containerweight": 100,
    "contentalignment": 5,
    "displaytext": true,
    "focusskin": "s31d167e2ac44da0a8b0437a46d5de19",
    "id": "btnSignOut",
    "info": null,
    "isvisible": true,
    "kuid": "ef234c61c52648b99d2ab259c27ef18b",
    "name": "kony.ui.Button",
    "parent": "flxMenuRoot",
    "pf": "MasterMenuContainer",
    "wType": "Button",
    "zindex": 1
}