{
    "@class": "com.kony.gen.viz.model.component.KVizButton",
    "DNDConfig": null,
    "__parentReadjusting__": false,
    "_bottom_": {
        "type": "string",
        "value": "0dp"
    },
    "_height_": {
        "type": "string",
        "value": "50dp"
    },
    "_left_": {
        "type": "string",
        "value": "0dp"
    },
    "_margin_": [
        6,
        6,
        6,
        6
    ],
    "_padding_": [
        0,
        0,
        0,
        0
    ],
    "_skin_": "s79243338925493ba0c6ac3512cfd296",
    "_text_": "Search",
    "_width_": {
        "type": "string",
        "value": "260dp"
    },
    "canUpdateUI": true,
    "childInstances": [
        "m868a7d97ec4450d9b6c034b8e67ad1b"
    ],
    "containerweight": 100,
    "contentalignment": 5,
    "displaytext": true,
    "focusskin": "s31d167e2ac44da0a8b0437a46d5de19",
    "id": "btnSearch",
    "info": null,
    "isvisible": true,
    "kuid": "c02c7c62784647b49647d7296ffd2b12",
    "name": "kony.ui.Button",
    "parent": "flxMenuRoot",
    "pf": "MasterMenuContainer",
    "wType": "Button",
    "zindex": 20
}