{
    "@class": "com.kony.gen.viz.model.component.KVizLabel",
    "DNDConfig": null,
    "__parentReadjusting__": false,
    "_height_": {
        "type": "string",
        "value": "1dp"
    },
    "_left_": {
        "type": "string",
        "value": "0"
    },
    "_margin_": [
        1,
        1,
        1,
        1
    ],
    "_padding_": [
        0,
        0,
        0,
        0
    ],
    "_skin_": "s146dcdb44544b488a4f176c05b5e499",
    "_text_": "",
    "_top_": {
        "type": "string",
        "value": "0"
    },
    "_width_": {
        "type": "string",
        "value": "80%"
    },
    "_wrapping_": 2,
    "android": {
        "textStyle": {
            "letterSpacing": 0,
            "strikeThrough": false
        }
    },
    "canUpdateUI": true,
    "centerx": {
        "type": "string",
        "value": "50%"
    },
    "childInstances": [
        "mc43d34706ce42f19ab09e23ea901072"
    ],
    "containerweight": 100,
    "contentalignment": 4,
    "id": "lblLine5",
    "info": null,
    "ipad": {
        "psp": {
            "wrapping": 2
        }
    },
    "iphone": {
        "psp": {
            "wrapping": 2
        }
    },
    "isvisible": true,
    "kuid": "ba7a74e0af6649e6b63bbfb9e0f40549",
    "name": "kony.ui.Label",
    "parent": "flxMenuRoot",
    "pf": "MasterMenuContainer",
    "tooltip": "",
    "wType": "Label",
    "zindex": 1
}