{
    "DNDConfig": null,
    "__parentReadjusting__": false,
    "_height_": {
        "type": "ref",
        "value": "preferred"
    },
    "_left_": {
        "type": "string",
        "value": "5dp"
    },
    "_margin_": [
        0,
        0,
        0,
        0
    ],
    "_orientation_": 6,
    "_padding_": [
        0,
        0,
        0,
        0
    ],
    "_percent_": true,
    "_skin_": "sef10f06e91f468fba67a6ea9576df45",
    "_top_": {
        "type": "string",
        "value": "1dp"
    },
    "_width_": {
        "type": "string",
        "value": "95%"
    },
    "allboxes": [],
    "autogrowmode": 1,
    "canUpdateUI": true,
    "children": [
        "lblMob",
        "lblColon4",
        "lblMobTxt"
    ],
    "clipbounds": true,
    "containerweight": 100,
    "enablescrolling": true,
    "id": "flxMob",
    "info": null,
    "isvisible": true,
    "kuid": "cc0f019955204e9e90a6b5e455cd5206",
    "layouttype": 4,
    "name": "kony.ui.FlexContainer",
    "parent": "flxInfo",
    "pf": "frmProfile",
    "snapgridsize": 10,
    "snaptogrid": true,
    "wType": "FlexContainer",
    "widgetalignment": 1,
    "zindex": 1
}