{
    "@class": "com.kony.gen.viz.model.component.KVizButton",
    "DNDConfig": null,
    "__parentReadjusting__": false,
    "_bottom_": {
        "type": "string",
        "value": "0dp"
    },
    "_height_": {
        "type": "string",
        "value": "10%"
    },
    "_margin_": [
        6,
        6,
        6,
        6
    ],
    "_padding_": [
        0,
        0,
        0,
        0
    ],
    "_render_": true,
    "_skin_": "sb2af81aa0f041b88a77f82ff1305ad2",
    "_text_": "ORDER",
    "_width_": {
        "type": "string",
        "value": "100%"
    },
    "android": {
        "render": true
    },
    "canUpdateUI": true,
    "containerweight": 100,
    "contentalignment": 5,
    "displaytext": true,
    "focusskin": "sb2af81aa0f041b88a77f82ff1305ad2",
    "id": "btnOrder",
    "ide_onClick": "AS_Button_f61b6da550754cb3864e11c8a729c9c3",
    "info": null,
    "iphone": {
        "render": true
    },
    "isvisible": true,
    "kuid": "ed3901364d354c7d80a5f2e6d44f1007",
    "name": "kony.ui.Button",
    "parent": "flxRoot",
    "pf": "frmOrder",
    "spaan": {
        "render": true
    },
    "spabb": {
        "render": true
    },
    "spaip": {
        "render": true
    },
    "spawinphone8": {
        "render": true
    },
    "wType": "Button",
    "winphone8": {
        "render": true
    },
    "zindex": 1
}