{
    "@class": "com.kony.gen.viz.model.container.KVizSegment2",
    "DNDConfig": null,
    "__parentReadjusting__": false,
    "_data_": [
        [
            {
                "Label0h078767fae4245": {
                    "@class": "com.viz.ide.model.segment.SimpleTextSegmentData",
                    "text": "Label"
                }
            },
            [
                {
                    "Label0i635dd339e0e47": {
                        "@class": "com.viz.ide.model.segment.SimpleTextSegmentData",
                        "text": "Label"
                    }
                },
                {
                    "Label0i635dd339e0e47": {
                        "@class": "com.viz.ide.model.segment.SimpleTextSegmentData",
                        "text": "Label"
                    }
                },
                {
                    "Label0i635dd339e0e47": {
                        "@class": "com.viz.ide.model.segment.SimpleTextSegmentData",
                        "text": "Label"
                    }
                }
            ]
        ],
        [
            {
                "Label0h078767fae4245": {
                    "@class": "com.viz.ide.model.segment.SimpleTextSegmentData",
                    "text": "Label"
                }
            },
            [
                {
                    "Label0i635dd339e0e47": {
                        "@class": "com.viz.ide.model.segment.SimpleTextSegmentData",
                        "text": "Label"
                    }
                },
                {
                    "Label0i635dd339e0e47": {
                        "@class": "com.viz.ide.model.segment.SimpleTextSegmentData",
                        "text": "Label"
                    }
                },
                {
                    "Label0i635dd339e0e47": {
                        "@class": "com.viz.ide.model.segment.SimpleTextSegmentData",
                        "text": "Label"
                    }
                },
                {
                    "Label0i635dd339e0e47": {
                        "@class": "com.viz.ide.model.segment.SimpleTextSegmentData",
                        "text": ""
                    }
                }
            ]
        ]
    ],
    "_height_": {
        "type": "string",
        "value": "500dp"
    },
    "_indicator_": "none",
    "_left_": {
        "type": "string",
        "value": "7dp"
    },
    "_margin_": [
        0,
        0,
        0,
        0
    ],
    "_orientation_": 2,
    "_padding_": [
        0,
        0,
        0,
        0
    ],
    "_top_": {
        "type": "string",
        "value": "0dp"
    },
    "_width_": {
        "type": "string",
        "value": "100%"
    },
    "autogrowmode": 0,
    "canUpdateUI": true,
    "centerx": {
        "type": "string",
        "value": "50%"
    },
    "containerweight": 100,
    "counter": "13",
    "focusedindex": null,
    "focuseditem": null,
    "generatedtemplate": "e6a060807f5244c994fed3755862a192",
    "groupcells": false,
    "hasSections": true,
    "id": "Segment0i8c454565bb745",
    "info": null,
    "ipad": {
        "psp": {
            "indicator": "rowselect"
        }
    },
    "iphone": {
        "psp": {
            "indicator": "rowselect"
        }
    },
    "isvisible": true,
    "kuid": "b924adcf512a474f8a0a2bcf56f46331",
    "masterdata": {},
    "name": "kony.ui.SegmentedUI2",
    "needpageindicator": true,
    "pageoffdotimage": "pageoffdot.png",
    "pageondotimage": "pageondot.png",
    "paginationconfig": {
        "position": "bottom"
    },
    "parent": "flxContent",
    "pf": "frmOrder",
    "retainselection": false,
    "rowTemplateId": "e6a060807f5244c994fed3755862a192",
    "rowcounter": 3,
    "rowfocusskin": "s16f5f942ffc46e19f5a2ac255776966",
    "rowskin": "saf7a0e2ee4b44c09b1d252935e60a6e",
    "rowtemplate": "FBox0f2be6dbdc3504e",
    "screenlevelwidget": false,
    "seccounter": 1,
    "sectionHeaderTemplateId": "d0ebbb95e3af46b988dd22ddc826ad3e",
    "sectionheaderskin": "sa7fbce66693498194d459ebe0548899",
    "sectionheadertemplate": "flxSectionHeaderRoot",
    "selectedRows": null,
    "selectedState": false,
    "selectedindex": null,
    "selectedindices": null,
    "selecteditems": null,
    "selectedsectionindex": 0,
    "selectionbehavior": "default",
    "separatorcolor": "64646400",
    "separatorrequired": true,
    "separatorthickness": 1,
    "showscrollbars": false,
    "viewtype": "tableview",
    "wType": "Segment",
    "widgetalignment": 5,
    "widgetdatamap": {
        "Label0h078767fae4245": "Label0h078767fae4245",
        "Label0i635dd339e0e47": "Label0i635dd339e0e47",
        "flxSectionHeaderRoot": "flxSectionHeaderRoot"
    },
    "zindex": 2
}