{
    "DNDConfig": null,
    "__parentReadjusting__": false,
    "_height_": {
        "type": "string",
        "value": "91%"
    },
    "_left_": {
        "type": "string",
        "value": "0dp"
    },
    "_margin_": [
        0,
        0,
        0,
        0
    ],
    "_orientation_": 6,
    "_padding_": [
        0,
        0,
        0,
        0
    ],
    "_percent_": true,
    "_skin_": "s0f166786efa4a16bf01067d468cdc28",
    "_top_": {
        "type": "string",
        "value": "9%"
    },
    "_width_": {
        "type": "string",
        "value": "100%"
    },
    "allboxes": [],
    "autogrowmode": 0,
    "canUpdateUI": true,
    "children": [
        "flxCity",
        "flxCuisines",
        "FlexContainer0f7db97dbf0b942"
    ],
    "clipbounds": true,
    "containerweight": 100,
    "enablescrolling": true,
    "id": "flxContainer",
    "info": null,
    "isvisible": true,
    "kuid": "h9d5b39885904f5b9d8653e1329fdc03",
    "layouttype": 4,
    "name": "kony.ui.FlexContainer",
    "parent": "flxRoot",
    "pf": "frmSearchRestaurant",
    "snapgridsize": 10,
    "snaptogrid": true,
    "wType": "FlexContainer",
    "widgetalignment": 1,
    "zindex": 2
}