{
    "@class": "com.kony.gen.viz.model.container.KVizSegment2",
    "DNDConfig": null,
    "__parentReadjusting__": false,
    "_data_": [
        {
            "imgResIcon": {
                "@class": "com.viz.ide.model.segment.ImageSegmentData",
                "src": "imagedrag.png"
            },
            "lblCuisines": {
                "@class": "com.viz.ide.model.segment.SimpleTextSegmentData",
                "text": "Cuisines"
            },
            "lblLine": {
                "@class": "com.viz.ide.model.segment.SimpleTextSegmentData",
                "text": ""
            },
            "lblRating": {
                "@class": "com.viz.ide.model.segment.SimpleTextSegmentData",
                "text": "4.5"
            },
            "lblResName": {
                "@class": "com.viz.ide.model.segment.SimpleTextSegmentData",
                "text": "Restaurant name"
            }
        },
        {
            "imgResIcon": {
                "@class": "com.viz.ide.model.segment.ImageSegmentData",
                "src": "imagedrag.png"
            },
            "lblCuisines": {
                "@class": "com.viz.ide.model.segment.SimpleTextSegmentData",
                "text": "Cuisines"
            },
            "lblLine": {
                "@class": "com.viz.ide.model.segment.SimpleTextSegmentData",
                "text": ""
            },
            "lblRating": {
                "@class": "com.viz.ide.model.segment.SimpleTextSegmentData",
                "text": "4.5"
            },
            "lblResName": {
                "@class": "com.viz.ide.model.segment.SimpleTextSegmentData",
                "text": "Restaurant name"
            }
        },
        {
            "imgResIcon": {
                "@class": "com.viz.ide.model.segment.ImageSegmentData",
                "src": "imagedrag.png"
            },
            "lblCuisines": {
                "@class": "com.viz.ide.model.segment.SimpleTextSegmentData",
                "text": "Cuisines"
            },
            "lblLine": {
                "@class": "com.viz.ide.model.segment.SimpleTextSegmentData",
                "text": ""
            },
            "lblRating": {
                "@class": "com.viz.ide.model.segment.SimpleTextSegmentData",
                "text": "4.5"
            },
            "lblResName": {
                "@class": "com.viz.ide.model.segment.SimpleTextSegmentData",
                "text": "Restaurant name"
            }
        }
    ],
    "_height_": {
        "type": "string",
        "value": "100%"
    },
    "_indicator_": "none",
    "_left_": {
        "type": "string",
        "value": "0dp"
    },
    "_margin_": [
        0,
        0,
        0,
        0
    ],
    "_orientation_": 2,
    "_padding_": [
        0,
        0,
        0,
        0
    ],
    "_top_": {
        "type": "string",
        "value": "0dp"
    },
    "_width_": {
        "type": "string",
        "value": "100%"
    },
    "autogrowmode": 0,
    "canUpdateUI": true,
    "containerweight": 100,
    "counter": "02",
    "focusedindex": null,
    "focuseditem": null,
    "groupcells": false,
    "hasSections": false,
    "id": "segRestaurant",
    "ide_onRowClick": "AS_Segment_afa41cd7d6004aa5bd8c80fc46f6f50e",
    "info": null,
    "ipad": {
        "psp": {
            "indicator": "rowselect"
        }
    },
    "iphone": {
        "psp": {
            "indicator": "rowselect"
        }
    },
    "isvisible": true,
    "kuid": "a6243b38e3aa49fab8a1025929dd3fb3",
    "masterdata": {},
    "name": "kony.ui.SegmentedUI2",
    "needpageindicator": true,
    "pageoffdotimage": "pageoffdot.png",
    "pageondotimage": "pageondot.png",
    "paginationconfig": {
        "position": "bottom"
    },
    "parent": "flxRestaurantContainer",
    "pf": "frmSearchRestaurant",
    "retainselection": false,
    "rowTemplateId": "9cb3d66cc55843129e2566be4a93b6fc",
    "rowcounter": 2,
    "rowfocusskin": "s16f5f942ffc46e19f5a2ac255776966",
    "rowskin": "saf7a0e2ee4b44c09b1d252935e60a6e",
    "rowtemplate": "flxRootContainer",
    "screenlevelwidget": false,
    "seccounter": 0,
    "sectionheaderskin": "sa7fbce66693498194d459ebe0548899",
    "selectedRows": null,
    "selectedState": false,
    "selectedindex": null,
    "selectedindices": null,
    "selecteditems": null,
    "selectedsectionindex": 0,
    "selectionbehavior": "default",
    "separatorcolor": "64646400",
    "separatorrequired": true,
    "separatorthickness": 1,
    "showscrollbars": false,
    "viewtype": "tableview",
    "wType": "Segment",
    "widgetalignment": 5,
    "widgetdatamap": {
        "flxRestaurantInfo": "flxRestaurantInfo",
        "flxRootContainer": "flxRootContainer",
        "flxTitle": "flxTitle",
        "imgResIcon": "imgResIcon",
        "lblCuisines": "lblCuisines",
        "lblLine": "lblLine",
        "lblRating": "lblRating",
        "lblResName": "lblResName"
    },
    "zindex": 1
}