{
    "@class": "com.kony.gen.viz.model.component.KVizTextBox2",
    "DNDConfig": null,
    "__parentReadjusting__": false,
    "_height_": {
        "type": "string",
        "value": "40dp"
    },
    "_left_": {
        "type": "string",
        "value": "1%"
    },
    "_margin_": [
        0,
        0,
        0,
        0
    ],
    "_padding_": [
        3,
        0,
        0,
        0
    ],
    "_placeholder_": "search city",
    "_skin_": "s93d69e517974e9da97c53aa70233cd9",
    "_text_": "",
    "_top_": {
        "type": "string",
        "value": "90dp"
    },
    "_width_": {
        "type": "string",
        "value": "290dp"
    },
    "autocapitalize": "none",
    "autocomplete": false,
    "autocorrect": false,
    "autofilter": false,
    "canUpdateUI": true,
    "centery": {
        "type": "string",
        "value": "50%"
    },
    "containerheight": "",
    "containerheightmode": 1,
    "containerweight": 100,
    "contentalignment": 4,
    "id": "txtBoxCity",
    "info": null,
    "isvisible": true,
    "keyboardtype": "A",
    "kuid": "hb3e4791aefd48739e3578a929a6f832",
    "mode": "A",
    "name": "kony.ui.TextBox2",
    "parent": "flxCity",
    "pf": "frmSearchRestaurant",
    "placeholderskin": "s28e48bc2c204fe8b7050a00750d8797",
    "securetextentry": false,
    "textinputmode": "A",
    "viewtype": "default",
    "wType": "TextField",
    "zindex": 1
}