{
    "@class": "com.kony.gen.viz.model.container.KVizTab",
    "DNDConfig": null,
    "_height_": {
        "type": "string",
        "value": "150dp"
    },
    "_margin_": [
        0,
        0,
        0,
        0
    ],
    "_orientation_": 6,
    "_padding_": [
        0,
        0,
        0,
        0
    ],
    "_percent_": true,
    "_skin_": "s64f554e3d944d92ab44110d777dacf2",
    "_width_": {
        "type": "string",
        "value": "100%"
    },
    "allboxes": [],
    "canUpdateUI": true,
    "children": [
        "CopysegStarter0a256c285657249"
    ],
    "clipbounds": true,
    "containerweight": 100,
    "enablescrolling": true,
    "id": "tabDesert",
    "info": null,
    "isvisible": true,
    "kuid": "b4d29ad4bfd44320934e3afd6d76ccee",
    "layouttype": 2,
    "margininpixel": false,
    "name": "kony.ui.Tab",
    "paddinginpixel": false,
    "parent": "tabPaneOrder",
    "pf": "frmOrder",
    "scrolldirection": 1,
    "snapgridsize": 10,
    "snaptogrid": true,
    "tabname": "Desert",
    "tabpaneId": "tabPaneOrder",
    "wType": "Tab"
}