{
    "@class": "com.kony.gen.viz.model.container.KVizTab",
    "DNDConfig": null,
    "_height_": {
        "type": "string",
        "value": "100%"
    },
    "_image_": null,
    "_margin_": [
        0,
        0,
        0,
        0
    ],
    "_orientation_": 6,
    "_padding_": [
        0,
        0,
        0,
        0
    ],
    "_percent_": true,
    "_skin_": "s64f554e3d944d92ab44110d777dacf2",
    "_width_": {
        "type": "string",
        "value": "100%"
    },
    "allboxes": [],
    "canUpdateUI": true,
    "children": [
        "segStarter"
    ],
    "clipbounds": true,
    "containerweight": 100,
    "enablescrolling": true,
    "id": "tabStarter",
    "info": null,
    "isvisible": true,
    "kuid": "dce861d7f9d94ecba4bcd9bbe3907a67",
    "layouttype": 2,
    "margininpixel": false,
    "name": "kony.ui.Tab",
    "oninit": null,
    "paddinginpixel": false,
    "parent": "tabPaneOrder",
    "pf": "frmOrder",
    "scrolldirection": 1,
    "snapgridsize": 10,
    "snaptogrid": true,
    "tabname": "Starter",
    "tabpaneId": "tabPaneOrder",
    "wType": "Tab"
}