{
    "@class": "com.kony.gen.viz.model.component.KVizButton",
    "DNDConfig": null,
    "__parentReadjusting__": false,
    "_height_": {
        "type": "string",
        "value": "30dp"
    },
    "_margin_": [
        6,
        6,
        6,
        6
    ],
    "_padding_": [
        0,
        0,
        0,
        0
    ],
    "_right_": {
        "type": "string",
        "value": "10dp"
    },
    "_skin_": "scc19d3198384f418d1c35c7791ea7a5",
    "_text_": "",
    "_top_": {
        "type": "string",
        "value": "11dp"
    },
    "_width_": {
        "type": "string",
        "value": "80dp"
    },
    "canUpdateUI": true,
    "centery": {
        "type": "string",
        "value": "50%"
    },
    "containerweight": 100,
    "contentalignment": 5,
    "displaytext": true,
    "focusskin": "scc19d3198384f418d1c35c7791ea7a5",
    "id": "btnFavourite",
    "ide_onClick": "AS_Button_35757ba08e0042db8e42402dc4f81253",
    "info": null,
    "isvisible": true,
    "kuid": "2c884dfe7fde470aad20052bf82cb54f",
    "name": "kony.ui.Button",
    "parent": "flxTitle",
    "pf": "frmResDetails",
    "wType": "Button",
    "zindex": 1
}