{
    "@class": "com.kony.gen.viz.model.component.KVizButton",
    "DNDConfig": null,
    "__parentReadjusting__": false,
    "_height_": {
        "type": "string",
        "value": "50dp"
    },
    "_margin_": [
        6,
        6,
        6,
        6
    ],
    "_padding_": [
        0,
        0,
        0,
        0
    ],
    "_right_": {
        "type": "string",
        "value": "10dp"
    },
    "_skin_": "sb2af81aa0f041b88a77f82ff1305ad2",
    "_text_": "Locate on Map",
    "_top_": {
        "type": "string",
        "value": "0dp"
    },
    "_width_": {
        "type": "string",
        "value": "90%"
    },
    "canUpdateUI": true,
    "centerx": {
        "type": "string",
        "value": "50%"
    },
    "containerweight": 100,
    "contentalignment": 5,
    "displaytext": true,
    "focusskin": "s0b0c49eefe549a98a8d6d1826c922ed",
    "id": "btnMap",
    "ide_onClick": "AS_Button_g076c3717f304f15a92b480da27a7495",
    "info": null,
    "isvisible": true,
    "kuid": "8dd312d7f9094a3cb685b8269dbc9623",
    "name": "kony.ui.Button",
    "parent": "flxExtra",
    "pf": "frmResDetails",
    "wType": "Button",
    "zindex": 1
}