{
    "@class": "com.kony.gen.viz.model.component.KVizButton",
    "DNDConfig": null,
    "__parentReadjusting__": false,
    "_height_": {
        "type": "string",
        "value": "50dp"
    },
    "_left_": {
        "type": "string",
        "value": "5dp"
    },
    "_margin_": [
        6,
        6,
        6,
        6
    ],
    "_padding_": [
        0,
        0,
        0,
        0
    ],
    "_skin_": "s8387a8b884348358442dfad6f3ad9ef",
    "_text_": "",
    "_top_": {
        "type": "string",
        "value": "0dp"
    },
    "_width_": {
        "type": "string",
        "value": "50dp"
    },
    "canUpdateUI": true,
    "containerweight": 100,
    "contentalignment": 5,
    "displaytext": true,
    "focusskin": "s8387a8b884348358442dfad6f3ad9ef",
    "id": "btnResIcon",
    "ide_onClick": "AS_Button_gccb6d5ce90549eeb3831b46f0668c77",
    "info": null,
    "isvisible": true,
    "kuid": "h78599894e15427fbc4c9d61d146f781",
    "name": "kony.ui.Button",
    "parent": "flxMenu",
    "pf": "frmResDetails",
    "wType": "Button",
    "zindex": 2
}