{
    "DNDConfig": null,
    "__parentReadjusting__": false,
    "_height_": {
        "type": "string",
        "value": "50dp"
    },
    "_left_": {
        "type": "string",
        "value": "0dp"
    },
    "_margin_": [
        0,
        0,
        0,
        0
    ],
    "_orientation_": 6,
    "_padding_": [
        0,
        0,
        0,
        0
    ],
    "_percent_": true,
    "_skin_": "s79d790d43ce484c9f67a2c764cd18a9",
    "_top_": {
        "type": "string",
        "value": "0dp"
    },
    "_width_": {
        "type": "string",
        "value": "100%"
    },
    "allboxes": [],
    "autogrowmode": 0,
    "canUpdateUI": true,
    "children": [
        "btnResIcon",
        "Label0he6e6f4a21f045"
    ],
    "clipbounds": true,
    "containerweight": 100,
    "enablescrolling": true,
    "id": "flxMenu",
    "ide_onClick": "AS_FlexContainer_c00e106eda614b09b4aebff533c06a9f",
    "info": null,
    "isvisible": true,
    "kuid": "b926089c704b49d8b5ed9f8f0514cf51",
    "layouttype": 3,
    "name": "kony.ui.FlexContainer",
    "parent": "flxScrollInfoRoot",
    "pf": "frmResDetails",
    "snapgridsize": 10,
    "snaptogrid": true,
    "wType": "FlexContainer",
    "widgetalignment": 1,
    "zindex": 1
}