{
    "@class": "com.kony.gen.viz.model.component.KVizButton",
    "DNDConfig": null,
    "__parentReadjusting__": false,
    "_bottom_": {
        "type": "string",
        "value": "0dp"
    },
    "_height_": {
        "type": "string",
        "value": "50dp"
    },
    "_left_": {
        "type": "string",
        "value": "47dp"
    },
    "_margin_": [
        6,
        6,
        6,
        6
    ],
    "_padding_": [
        0,
        0,
        0,
        0
    ],
    "_skin_": "sb2af81aa0f041b88a77f82ff1305ad2",
    "_text_": "confirm",
    "_width_": {
        "type": "string",
        "value": "100%"
    },
    "canUpdateUI": true,
    "centerx": {
        "type": "string",
        "value": "50%"
    },
    "containerweight": 100,
    "contentalignment": 5,
    "displaytext": true,
    "focusskin": "sb2af81aa0f041b88a77f82ff1305ad2",
    "id": "btnPayment",
    "info": null,
    "isvisible": true,
    "kuid": "f066f7ecd5c94031a68ae9b1e7ea1044",
    "name": "kony.ui.Button",
    "parent": "flxRoot",
    "pf": "frmPayment",
    "wType": "Button",
    "zindex": 2
}