{
    "AS_Button_a812989fdff24e34904856c30b051652": {
        "id": "AS_Button_a812989fdff24e34904856c30b051652",
        "type": "ACTION_SEQUENCE",
        "params": [{
            "datatype": "collection",
            "name": "eventobject"
        }],
        "contextObj": {
            "name": "frmHome2",
            "type": "forms",
            "platform": null,
            "KUID": "1d689ede888d4a7186c97b15825242c8"
        },
        "language": "js",
        "actions": [{
            "id": "ADD_SNIPPET__a38f5d524620482f8cea1d026f3f576c",
            "type": "ADD_SNIPPET",
            "codeSnippet": "this.fun3();",
            "parentId": null,
            "callbackType": null
        }]
    }
}