{
    "AS_Button_f1f1410203244258a33f3c2e49cd4d11": {
        "id": "AS_Button_f1f1410203244258a33f3c2e49cd4d11",
        "type": "ACTION_SEQUENCE",
        "params": [{
            "datatype": "collection",
            "name": "eventobject"
        }],
        "contextObj": {
            "name": "frmFavourite",
            "type": "forms",
            "platform": "",
            "KUID": "3b98cb91816447a899c7cd3b761440d2"
        },
        "language": "js",
        "actions": [{
            "id": "ADD_SNIPPET__cf39fb4965634daa8b0139ccb55d9122",
            "type": "ADD_SNIPPET",
            "codeSnippet": "this.navigateTofrmHome();",
            "parentId": null,
            "callbackType": null
        }]
    }
}