{
    "AS_Button_31fe499454f54d2591d6308212e4453f": {
        "id": "AS_Button_31fe499454f54d2591d6308212e4453f",
        "type": "ACTION_SEQUENCE",
        "params": [{
            "datatype": "collection",
            "name": "eventobject"
        }],
        "contextObj": {
            "name": "frmHome",
            "type": "forms",
            "platform": "",
            "KUID": "9b74c11daa304d118f07a119e787eb8b"
        },
        "language": "js",
        "actions": [{
            "id": "ADD_SNIPPET__6429091b46964520ac9e4334e4efd162",
            "type": "ADD_SNIPPET",
            "codeSnippet": "this.getFavouriteRestaurant();",
            "parentId": null,
            "callbackType": null
        }]
    }
}