{
    "AS_Button_3817c3dc2db44de8b512d1f9937df796": {
        "id": "AS_Button_3817c3dc2db44de8b512d1f9937df796",
        "type": "ACTION_SEQUENCE",
        "params": [{
            "datatype": "collection",
            "name": "eventobject"
        }],
        "contextObj": {
            "name": "frmHome",
            "type": "forms",
            "platform": "",
            "KUID": "9b74c11daa304d118f07a119e787eb8b"
        },
        "language": "js",
        "actions": [{
            "id": "ADD_SNIPPET__1247451129144b309225a3fad836c1ff",
            "type": "ADD_SNIPPET",
            "codeSnippet": "this.pushRegistration();",
            "parentId": null,
            "callbackType": null
        }]
    }
}