{
    "AS_Button_35757ba08e0042db8e42402dc4f81253": {
        "id": "AS_Button_35757ba08e0042db8e42402dc4f81253",
        "type": "ACTION_SEQUENCE",
        "params": [{
            "datatype": "collection",
            "name": "eventobject"
        }],
        "contextObj": {
            "name": "frmResDetails",
            "type": "forms",
            "platform": "",
            "KUID": "3e8d7aa94f854182a0bf598ffd5826f5"
        },
        "language": "js",
        "actions": [{
            "id": "ADD_SNIPPET__ff5137d7b5654f06bda51f33c8d6d8f9",
            "type": "ADD_SNIPPET",
            "codeSnippet": "this.getFavouriteRestaurant();",
            "parentId": null,
            "callbackType": null
        }]
    }
}