{
    "AS_Button_99cb95197af140b284b78f44dc2e6d1f": {
        "id": "AS_Button_99cb95197af140b284b78f44dc2e6d1f",
        "type": "ACTION_SEQUENCE",
        "params": [{
            "datatype": "collection",
            "name": "eventobject"
        }],
        "contextObj": {
            "name": "frmResDetails",
            "type": "forms",
            "platform": "",
            "KUID": "3e8d7aa94f854182a0bf598ffd5826f5"
        },
        "language": "js",
        "actions": [{
            "id": "ADD_SNIPPET__0285ed0f9c6949529ff5f218d8a08276",
            "type": "ADD_SNIPPET",
            "codeSnippet": "this.locateRestaurant();",
            "parentId": null,
            "callbackType": null
        }]
    }
}