{
    "AS_Button_6059884174c64c95a2df0c2d1492e4ca": {
        "id": "AS_Button_6059884174c64c95a2df0c2d1492e4ca",
        "type": "ACTION_SEQUENCE",
        "params": [{
            "datatype": "collection",
            "name": "eventobject"
        }],
        "contextObj": {
            "name": "frmEditProfile",
            "type": "forms",
            "platform": "",
            "KUID": "4039e77d5efd4bcd80971e9efb5b0c0b"
        },
        "language": "js",
        "actions": [{
            "id": "ADD_SNIPPET__e5b19101bdfd4b50804070592ce8739a",
            "type": "ADD_SNIPPET",
            "codeSnippet": "this.navigateToFormHome();",
            "parentId": null,
            "callbackType": null
        }]
    }
}