{
    "AS_Button_fc56155462f64e238e246dbffc3c9860": {
        "id": "AS_Button_fc56155462f64e238e246dbffc3c9860",
        "type": "ACTION_SEQUENCE",
        "params": [{
            "datatype": "collection",
            "name": "eventobject"
        }],
        "language": "js",
        "actions": [{
            "id": "ADD_SNIPPET_ide_onClick_h1fe38d08cac4f6fab7fcfb0006fcf93",
            "type": "ADD_SNIPPET",
            "codeSnippet": "this.locateRestaurant();",
            "callbackType": null
        }]
    }
}