{
    "AS_Button_gccb6d5ce90549eeb3831b46f0668c77": {
        "id": "AS_Button_gccb6d5ce90549eeb3831b46f0668c77",
        "type": "ACTION_SEQUENCE",
        "params": [{
            "datatype": "collection",
            "name": "eventobject"
        }],
        "language": "js",
        "actions": [{
            "id": "ADD_SNIPPET_ide_onClick_e470a0da858e4dce9103f04a7b8d7226",
            "type": "ADD_SNIPPET",
            "codeSnippet": "this.showRestaurantMenu();",
            "callbackType": null
        }]
    }
}