{
    "AS_Button_g076c3717f304f15a92b480da27a7495": {
        "id": "AS_Button_g076c3717f304f15a92b480da27a7495",
        "type": "ACTION_SEQUENCE",
        "params": [{
            "datatype": "collection",
            "name": "eventobject"
        }],
        "language": "js",
        "actions": [{
            "id": "ADD_SNIPPET_ide_onClick_aa7301263c5243f2a0a3eb7a45824cad",
            "type": "ADD_SNIPPET",
            "codeSnippet": "this.locateRestaurant();",
            "callbackType": null
        }]
    }
}