{
    "AS_Button_3f539775a20a4fddbe038c2e3c3ac9d1": {
        "id": "AS_Button_3f539775a20a4fddbe038c2e3c3ac9d1",
        "type": "ACTION_SEQUENCE",
        "params": [{
            "datatype": "collection",
            "name": "eventobject"
        }, {
            "datatype": "string",
            "name": "x"
        }, {
            "datatype": "string",
            "name": "y"
        }],
        "contextObj": {
            "name": "frmHome2",
            "type": "forms",
            "platform": null,
            "KUID": "1d689ede888d4a7186c97b15825242c8"
        },
        "language": "js",
        "actions": [{
            "id": "ADD_SNIPPET__a1784e212b534e8e9f9178f20b17485b",
            "type": "ADD_SNIPPET",
            "codeSnippet": "this.fun3();",
            "parentId": null,
            "callbackType": null
        }]
    }
}