{
    "AS_Button_d59a9679ab8a44b29906949cdc18ebb1": {
        "id": "AS_Button_d59a9679ab8a44b29906949cdc18ebb1",
        "type": "ACTION_SEQUENCE",
        "params": [{
            "datatype": "collection",
            "name": "eventobject"
        }],
        "contextObj": {
            "name": "frmHome",
            "type": "forms",
            "platform": "",
            "KUID": "c48093b08ae2403bb1d7b9b40a25edeb"
        },
        "language": "js",
        "actions": [{
            "id": "ADD_SNIPPET__757acc49e0044641a04ed3e52f432e9b",
            "type": "ADD_SNIPPET",
            "codeSnippet": "testFun3();",
            "parentId": null,
            "callbackType": null
        }]
    }
}