{
    "AS_Button_cde48131e5a04c8ab7e7725b1db6dba5": {
        "id": "AS_Button_cde48131e5a04c8ab7e7725b1db6dba5",
        "type": "ACTION_SEQUENCE",
        "params": [{
            "datatype": "collection",
            "name": "eventobject"
        }],
        "contextObj": {
            "name": "tmpMap",
            "type": "templates",
            "platform": "",
            "KUID": "98e9a878c6c24827990f9f0c569208d2"
        },
        "language": "js",
        "actions": [{
            "id": "ADD_SNIPPET__a65a1aa33fc5484aac4ba46e13d58d5c",
            "type": "ADD_SNIPPET",
            "codeSnippet": "//this.getDirection(eventobject);\nalert(\"clicked\");",
            "parentId": null,
            "callbackType": null
        }]
    }
}