{
    "AS_Button_ffffc62133ae4079af72c3f04b8ee88d": {
        "id": "AS_Button_ffffc62133ae4079af72c3f04b8ee88d",
        "type": "ACTION_SEQUENCE",
        "params": [{
            "datatype": "collection",
            "name": "eventobject"
        }],
        "contextObj": {
            "name": "frmHome",
            "type": "forms",
            "platform": "",
            "KUID": "9b74c11daa304d118f07a119e787eb8b"
        },
        "sourceObj": {
            "itemKUID": "f6110111635045ee87767e8080129f26",
            "widgetKUID": "ef234c61c52648b99d2ab259c27ef18b",
            "evt": "onClick"
        },
        "language": "js",
        "actions": [{
            "id": "ADD_SNIPPET__b4cb3e37eb264b548ac820ad5984e981",
            "type": "ADD_SNIPPET",
            "codeSnippet": "this.signOut();",
            "parentId": null,
            "callbackType": null
        }]
    }
}