{
    "AS_Button_ca5df96be4ce4ca0a45a350f09e789d3": {
        "id": "AS_Button_ca5df96be4ce4ca0a45a350f09e789d3",
        "type": "ACTION_SEQUENCE",
        "params": [{
            "datatype": "collection",
            "name": "eventobject"
        }],
        "contextObj": {
            "name": "frmEditProfile",
            "type": "forms",
            "platform": "",
            "KUID": "4039e77d5efd4bcd80971e9efb5b0c0b"
        },
        "language": "js",
        "actions": [{
            "id": "ADD_SNIPPET__adb3d77aba414f11b66d25793061acd7",
            "type": "ADD_SNIPPET",
            "codeSnippet": "this.updateDetails();",
            "parentId": null,
            "callbackType": null
        }]
    }
}