{
    "AS_Button_ae14202d4bc8498ea8ac3ce2680bfca9": {
        "id": "AS_Button_ae14202d4bc8498ea8ac3ce2680bfca9",
        "type": "ACTION_SEQUENCE",
        "params": [{
            "datatype": "collection",
            "name": "eventobject"
        }],
        "contextObj": {
            "name": "frmTest",
            "type": "forms",
            "platform": null,
            "KUID": "jb05f63d370240bdbf6a091cb35fbc57"
        },
        "sourceObj": {
            "itemKUID": "f6110111635045ee87767e8080129f26",
            "widgetKUID": "a05b618daea94e2bbc86ea1214ebf136",
            "evt": "onClick"
        },
        "language": "js",
        "actions": [{
            "id": "ADD_SNIPPET__ea08f52e410a469dab401cfb7d198e28",
            "type": "ADD_SNIPPET",
            "codeSnippet": "this.test();",
            "parentId": null,
            "callbackType": null
        }]
    }
}